scenario,accuracy,f1_weighted
noise_10pct,0.9372623574144486,0.9374603603305766
category_swap_15pct,0.8954372623574145,0.8958794553312042
scale_height_weight,0.686787072243346,0.677754814883463
combo_full,0.6364068441064639,0.6289422257915603
